<?xml version="1.0" encoding="UTF-8"?>
<project-private xmlns="http://www.netbeans.org/ns/project-private/1">
    <editor-bookmarks xmlns="http://www.netbeans.org/ns/editor-bookmarks/2" lastBookmarkId="0"/>
    <open-files xmlns="http://www.netbeans.org/ns/projectui-open-files/2">
        <group>
            <file>file:/home/anti/leoben/aiMotionLab/aiMotionJ/src/mul/aimotion/python/JService.java</file>
            <file>file:/home/anti/leoben/aiMotionLab/aiMotionJ/src/mul/aimotion/car/CarData.java</file>
            <file>file:/home/anti/leoben/aiMotionLab/aiMotionJ/src/mul/aimotion/view/ControllerView.java</file>
            <file>file:/home/anti/leoben/aiMotionLab/aiMotionJ/src/mul/aimotion/car/Car.java</file>
            <file>file:/home/anti/leoben/aiMotionLab/aiMotionJ/src/mul/aimotion/JoystickController.java</file>
            <file>file:/home/anti/leoben/aiMotionLab/aiMotionJ/src/mul/aimotion/Main.java</file>
            <file>file:/home/anti/leoben/aiMotionLab/aiMotionJ/src/mul/aimotion/car/SimCar.java</file>
            <file>file:/home/anti/leoben/aiMotionLab/aiMotionJ/src/mul/aimotion/car/DummyCar.java</file>
            <file>file:/home/anti/leoben/aiMotionLab/aiMotionJ/src/mul/aimotion/Controller.java</file>
            <file>file:/home/anti/leoben/aiMotionLab/aiMotionJ/src/mul/aimotion/car/CarFirmware20190507.java</file>
        </group>
    </open-files>
</project-private>
